Source Organization,Destination Customer,State,City,Zip Code,Sku,YEAR,MONTH,LOADTYPE,Shipment 24 Pk Eq,Total Spend
Niagara Mexico - Monterrey,CUSTOMER 6,JA,TLAJOMULCO DE ZUNIGA,45670,FNG00009,2017,1,Delivery,2100,27000
Niagara Mexico - Monterrey,CUSTOMER 6,MX,TULTITLAN,54945,FNG00009,2017,1,Delivery,3150,38400
Niagara Mexico - Monterrey,CUSTOMER 6,MX,TULTITLAN,54945,FNG00009,2017,2,Delivery,9450,142062.5
Niagara Mexico - Monterrey,CUSTOMER 6,MX,TULTITLAN,54945,FNG00009,2017,3,Delivery,1050,12800
Niagara Mexico - Monterrey,CUSTOMER 6,NL,GUADALUPE,67110,FNG00009,2017,1,Delivery,3150,9650
Niagara Mexico - Monterrey,CUSTOMER 6,NL,GUADALUPE,67110,FNG00009,2017,2,Delivery,8400,25768
Niagara Mexico - Monterrey,CUSTOMER 6,NL,GUADALUPE,67110,FNG00009,2017,3,Delivery,13650,61168
Niagara Mexico - Monterrey,CUSTOMER 1,JA,TLAJOMULCO DE ZUNIGA SAMS-6238,45679,FNG00011,2017,2,Delivery,20160,152584.5
Niagara Mexico - Monterrey,CUSTOMER 1,JA,TLAJOMULCO DE ZUNIGA SAMS-6238,45679,FNG00011,2017,3,Delivery,153600,1222049
Niagara Mexico - Monterrey,CUSTOMER 1,MX,CHALCO SAMS-7505,56640,FNG00011,2017,2,Delivery,13440,102208.5
Niagara Mexico - Monterrey,CUSTOMER 1,MX,CHALCO SAMS-7505,56640,FNG00011,2017,3,Delivery,101760,776625
Niagara Mexico - Monterrey,CUSTOMER 1,MX,CUAUTITLAN IZCALLI SAMS-6388,54769,FNG00011,2017,2,Delivery,24960,190286
Niagara Mexico - Monterrey,CUSTOMER 1,MX,CUAUTITLAN IZCALLI SAMS-6388,54769,FNG00011,2017,3,Delivery,238080,1840091.5
Niagara Mexico - Monterrey,CUSTOMER 1,NL,MONTERREY SAMS-4995,66550,FNG00011,2017,2,Delivery,36560.00001,52000
Niagara Mexico - Monterrey,CUSTOMER 1,NL,MONTERREY SAMS-4995,66550,FNG00011,2017,3,Delivery,291840.0001,395200
Niagara Mexico - Monterrey,CUSTOMER 1,SI,CULIACAN SAMS-4971,80130,FNG00011,2017,2,Delivery,32160.00001,635804
Niagara Mexico - Monterrey,CUSTOMER 1,SI,CULIACAN SAMS-4971,80130,FNG00011,2017,3,Delivery,224640,4175728
Niagara Mexico - Monterrey,CUSTOMER 1,TB,VILLAHERMOSA TAB. SAMS 6550,86280,FNG00011,2017,2,Delivery,19200,361320
Niagara Mexico - Monterrey,CUSTOMER 1,TB,VILLAHERMOSA TAB. SAMS 6550,86280,FNG00011,2017,3,Delivery,152160,3259690
Niagara Mexico - Monterrey,CUSTOMER 6,JA,TLAJOMULCO DE ZUNIGA,45670,FNG00012,2017,1,Delivery,4032,26300
Niagara Mexico - Monterrey,CUSTOMER 6,MX,TULTITLAN,54945,FNG00012,2017,1,Delivery,4032,25600
Niagara Mexico - Monterrey,CUSTOMER 6,MX,TULTITLAN,54945,FNG00012,2017,2,Delivery,2016,14620.5
Niagara Mexico - Monterrey,CUSTOMER 6,NL,GUADALUPE,67110,FNG00012,2017,1,Delivery,4032,7000
Niagara Mexico - Monterrey,CUSTOMER 6,NL,GUADALUPE,67110,FNG00012,2017,2,Delivery,8064,13150
Niagara Mexico - Monterrey,CUSTOMER 6,NL,GUADALUPE,67110,FNG00012,2017,3,Delivery,4032,7000
Niagara Mexico - Monterrey,CUSTOMER 3,JA,EL SALTO,45690,FNG00013,2017,1,Delivery,2016,15158
Niagara Mexico - Monterrey,CUSTOMER 3,JA,EL SALTO,45690,FNG00013,2017,2,Delivery,2016,12800
Niagara Mexico - Monterrey,CUSTOMER 3,JA,EL SALTO,45690,FNG00013,2017,3,Delivery,756,4800.000022
Niagara Mexico - Monterrey,CUSTOMER 3,MX,TEOLOYUCAN,54770,FNG00013,2017,1,Delivery,8064,51200
Niagara Mexico - Monterrey,CUSTOMER 3,MX,TEOLOYUCAN,54770,FNG00013,2017,2,Delivery,10836,72441
Niagara Mexico - Monterrey,CUSTOMER 3,MX,TEOLOYUCAN,54770,FNG00013,2017,3,Delivery,8232,58007.66668
Niagara Mexico - Monterrey,CUSTOMER 3,TB,VILLAHERMOSA,86280,FNG00013,2017,1,Delivery,4032,96800
Niagara Mexico - Monterrey,CUSTOMER 3,TB,VILLAHERMOSA,86280,FNG00013,2017,2,Delivery,6048,129960
Niagara Mexico - Monterrey,CUSTOMER 3,TB,VILLAHERMOSA,86280,FNG00013,2017,3,Delivery,6804,159393.7502
Niagara Mexico - Monterrey,CUSTOMER 1,JA,TLAJOMULCO DE ZUNIGA WM-7460,45670,FNG00014,2017,1,Delivery,4368,29250
Niagara Mexico - Monterrey,CUSTOMER 1,JA,TLAJOMULCO DE ZUNIGA WM-7460,45670,FNG00014,2017,2,Delivery,1428,10356.1875
Niagara Mexico - Monterrey,CUSTOMER 1,JA,TLAJOMULCO DE ZUNIGA WM-7460,45670,FNG00014,2017,2,Delivery,3192,23149.125
Niagara Mexico - Monterrey,CUSTOMER 1,JA,TLAJOMULCO DE ZUNIGA WM-7460,45670,FNG00014,2017,3,Delivery,5292,43414.83333
Niagara Mexico - Monterrey,CUSTOMER 1,JA,TLAJOMULCO DE ZUNIGA WM-7493,45679,FNG00014,2017,1,Delivery,6048,41620.5
Niagara Mexico - Monterrey,CUSTOMER 1,JA,TLAJOMULCO DE ZUNIGA WM-7493,45679,FNG00014,2017,2,Delivery,4788,34723.6875
Niagara Mexico - Monterrey,CUSTOMER 1,JA,TLAJOMULCO DE ZUNIGA WM-7493,45679,FNG00014,2017,3,Delivery,12348,91412.75
Niagara Mexico - Monterrey,CUSTOMER 1,MX,CHALCO WM-7459,56640,FNG00014,2017,1,Delivery,1344,9000
Niagara Mexico - Monterrey,CUSTOMER 1,MX,CHALCO WM-7471,56640,FNG00014,2017,1,Delivery,20244,149384.8125
Niagara Mexico - Monterrey,CUSTOMER 1,MX,CHALCO WM-7471,56640,FNG00014,2017,2,Delivery,11256,81631.125
Niagara Mexico - Monterrey,CUSTOMER 1,MX,CHALCO WM-7471,56640,FNG00014,2017,3,Delivery,22932,181200.2917
Niagara Mexico - Monterrey,CUSTOMER 1,MX,CUAUTITLAN IZCALLI WM-7457,54713,FNG00014,2017,1,Delivery,1260,8437.5
Niagara Mexico - Monterrey,CUSTOMER 1,MX,CUAUTITLAN IZCALLI WM-7457,54713,FNG00014,2017,2,Delivery,924,6701.0625
Niagara Mexico - Monterrey,CUSTOMER 1,MX,CUAUTITLAN IZCALLI WM-7464,54730,FNG00014,2017,1,Delivery,8904,59625
Niagara Mexico - Monterrey,CUSTOMER 1,MX,CUAUTITLAN IZCALLI WM-7464,54730,FNG00014,2017,2,Delivery,9492,83060.1875
Niagara Mexico - Monterrey,CUSTOMER 1,MX,CUAUTITLAN IZCALLI WM-7464,54730,FNG00014,2017,3,Delivery,21084,162074.3125
Niagara Mexico - Monterrey,CUSTOMER 1,MX,CUAUTITLAN IZCALLI WM-7482,54713,FNG00014,2017,1,Delivery,4620,30937.5
Niagara Mexico - Monterrey,CUSTOMER 1,MX,CUAUTITLAN IZCALLI WM-7482,54713,FNG00014,2017,2,Delivery,3528,25585.875
Niagara Mexico - Monterrey,CUSTOMER 1,MX,CUAUTITLAN IZCALLI WM-7482,54713,FNG00014,2017,3,Delivery,8484,64474.875
Niagara Mexico - Monterrey,CUSTOMER 1,MX,CUAUTITLAN IZCALLI WM-7494,54730,FNG00014,2017,1,Delivery,19572,131062.5
Niagara Mexico - Monterrey,CUSTOMER 1,MX,CUAUTITLAN IZCALLI WM-7494,54730,FNG00014,2017,2,Delivery,18900,136320.1875
Niagara Mexico - Monterrey,CUSTOMER 1,MX,CUAUTITLAN IZCALLI WM-7494,54730,FNG00014,2017,3,Delivery,19152,141427.2917
Niagara Mexico - Monterrey,CUSTOMER 1,NL,MONTERREY WM-7461,66550,FNG00014,2017,3,Delivery,840,1083.333333
Niagara Mexico - Monterrey,CUSTOMER 1,NL,MONTERREY WM-7490,66550,FNG00014,2017,1,Delivery,17304,25886
Niagara Mexico - Monterrey,CUSTOMER 1,NL,MONTERREY WM-7490,66550,FNG00014,2017,2,Delivery,16632,26791.33333
Niagara Mexico - Monterrey,CUSTOMER 1,NL,MONTERREY WM-7490,66550,FNG00014,2017,3,Delivery,37044,48874.83333
Niagara Mexico - Monterrey,CUSTOMER 1,SI,CULIACAN WM-7455,80130,FNG00014,2017,2,Delivery,1680,30918.33333
Niagara Mexico - Monterrey,CUSTOMER 1,SI,CULIACAN WM-7487,80130,FNG00014,2017,1,Delivery,14616,242029.5
Niagara Mexico - Monterrey,CUSTOMER 1,SI,CULIACAN WM-7487,80130,FNG00014,2017,2,Delivery,10836,180610.75
Niagara Mexico - Monterrey,CUSTOMER 1,SI,CULIACAN WM-7487,80130,FNG00014,2017,3,Delivery,18984,310712.8333
Niagara Mexico - Monterrey,CUSTOMER 1,TB,VILLAHERMOSA TAB. WM-7468,86280,FNG00014,2017,1,Delivery,11256,225958.3333
Niagara Mexico - Monterrey,CUSTOMER 1,TB,VILLAHERMOSA TAB. WM-7468,86280,FNG00014,2017,2,Delivery,8736,187720
Niagara Mexico - Monterrey,CUSTOMER 1,TB,VILLAHERMOSA TAB. WM-7468,86280,FNG00014,2017,3,Delivery,11928,256310
Niagara Mexico - Monterrey,CUSTOMER 1,TB,VILLAHERMOSA TABASCO WM 7453,86280,FNG00014,2017,1,Delivery,840,16666.66667
Niagara Mexico - Monterrey,CUSTOMER 1,JA,TLAJOMULCO DE ZUNIGA WM-7460,45670,FNG00015,2017,1,Delivery,5712,38250
Niagara Mexico - Monterrey,CUSTOMER 1,JA,TLAJOMULCO DE ZUNIGA WM-7460,45670,FNG00015,2017,2,Delivery,588,4264.3125
Niagara Mexico - Monterrey,CUSTOMER 1,JA,TLAJOMULCO DE ZUNIGA WM-7460,45670,FNG00015,2017,2,Delivery,2856,20712.375
Niagara Mexico - Monterrey,CUSTOMER 1,JA,TLAJOMULCO DE ZUNIGA WM-7460,45670,FNG00015,2017,3,Delivery,4788,40126.16667
Niagara Mexico - Monterrey,CUSTOMER 1,JA,TLAJOMULCO DE ZUNIGA WM-7493,45679,FNG00015,2017,2,Delivery,1260,9137.8125
Niagara Mexico - Monterrey,CUSTOMER 1,JA,TLAJOMULCO DE ZUNIGA WM-7493,45679,FNG00015,2017,3,Delivery,1764,13910.25
Niagara Mexico - Monterrey,CUSTOMER 1,MX,CHALCO WM-7459,56640,FNG00015,2017,1,Delivery,672,4500
Niagara Mexico - Monterrey,CUSTOMER 1,MX,CHALCO WM-7471,56640,FNG00015,2017,1,Delivery,5964,41856.1875
Niagara Mexico - Monterrey,CUSTOMER 1,MX,CHALCO WM-7471,56640,FNG00015,2017,2,Delivery,2856,20712.375
Niagara Mexico - Monterrey,CUSTOMER 1,MX,CHALCO WM-7471,56640,FNG00015,2017,3,Delivery,7308,61815.20833
Niagara Mexico - Monterrey,CUSTOMER 1,MX,CUAUTITLAN IZCALLI WM-7457,54713,FNG00015,2017,1,Delivery,2772,18562.5
Niagara Mexico - Monterrey,CUSTOMER 1,MX,CUAUTITLAN IZCALLI WM-7457,54713,FNG00015,2017,2,Delivery,1092,7919.4375
Niagara Mexico - Monterrey,CUSTOMER 1,MX,CUAUTITLAN IZCALLI WM-7464,54730,FNG00015,2017,1,Delivery,1176,7875
Niagara Mexico - Monterrey,CUSTOMER 1,MX,CUAUTITLAN IZCALLI WM-7464,54730,FNG00015,2017,2,Delivery,588,7332.8125
Niagara Mexico - Monterrey,CUSTOMER 1,MX,CUAUTITLAN IZCALLI WM-7464,54730,FNG00015,2017,3,Delivery,1428,26469.1875
Niagara Mexico - Monterrey,CUSTOMER 1,MX,CUAUTITLAN IZCALLI WM-7482,54713,FNG00015,2017,1,Delivery,1428,9562.5
Niagara Mexico - Monterrey,CUSTOMER 1,MX,CUAUTITLAN IZCALLI WM-7482,54713,FNG00015,2017,2,Delivery,2520,18275.625
Niagara Mexico - Monterrey,CUSTOMER 1,MX,CUAUTITLAN IZCALLI WM-7482,54713,FNG00015,2017,3,Delivery,5628,45727.125
Niagara Mexico - Monterrey,CUSTOMER 1,MX,CUAUTITLAN IZCALLI WM-7494,54730,FNG00015,2017,1,Delivery,4620,30937.5
Niagara Mexico - Monterrey,CUSTOMER 1,MX,CUAUTITLAN IZCALLI WM-7494,54730,FNG00015,2017,2,Delivery,3276,23384.8125
Niagara Mexico - Monterrey,CUSTOMER 1,MX,CUAUTITLAN IZCALLI WM-7494,54730,FNG00015,2017,3,Delivery,3024,22597.20833
Niagara Mexico - Monterrey,CUSTOMER 1,NL,MONTERREY WM-7461,66550,FNG00015,2017,3,Delivery,3192,4116.666667
Niagara Mexico - Monterrey,CUSTOMER 1,NL,MONTERREY WM-7490,66550,FNG00015,2017,1,Delivery,6888,10626
Niagara Mexico - Monterrey,CUSTOMER 1,NL,MONTERREY WM-7490,66550,FNG00015,2017,2,Delivery,5544,8516.666667
Niagara Mexico - Monterrey,CUSTOMER 1,NL,MONTERREY WM-7490,66550,FNG00015,2017,3,Delivery,9324,12329.16667
Niagara Mexico - Monterrey,CUSTOMER 1,SI,CULIACAN WM-7455,80130,FNG00015,2017,2,Delivery,336,6183.666667
Niagara Mexico - Monterrey,CUSTOMER 1,SI,CULIACAN WM-7487,80130,FNG00015,2017,1,Delivery,3528,58486.5
Niagara Mexico - Monterrey,CUSTOMER 1,SI,CULIACAN WM-7487,80130,FNG00015,2017,2,Delivery,1260,21001.25
Niagara Mexico - Monterrey,CUSTOMER 1,SI,CULIACAN WM-7487,80130,FNG00015,2017,3,Delivery,3192,53203.16667
Niagara Mexico - Monterrey,CUSTOMER 1,TB,VILLAHERMOSA TAB. WM-7468,86280,FNG00015,2017,1,Delivery,2856,57541.66667
Niagara Mexico - Monterrey,CUSTOMER 1,TB,VILLAHERMOSA TAB. WM-7468,86280,FNG00015,2017,2,Delivery,1344,28880
Niagara Mexico - Monterrey,CUSTOMER 1,TB,VILLAHERMOSA TAB. WM-7468,86280,FNG00015,2017,3,Delivery,2184,46930
Niagara Mexico - Monterrey,CUSTOMER 1,TB,VILLAHERMOSA TABASCO WM 7453,86280,FNG00015,2017,1,Delivery,1176,23333.33333
Niagara Mexico - Monterrey,CUSTOMER 2,NL,ESCOBEDO,66066,FNG00017,2017,1,Delivery,11520,19086
Niagara Mexico - Monterrey,CUSTOMER 2,NL,ESCOBEDO,66066,FNG00017,2017,2,Delivery,28799.99999,47076
Niagara Mexico - Monterrey,CUSTOMER 2,NL,ESCOBEDO,66066,FNG00017,2017,3,Delivery,40719.99999,67846.33334
Niagara Mexico - Monterrey,CUSTOMER 2,NL,ESCOBEDO,66066,FNG00018,2017,1,Delivery,40320,63298
Niagara Mexico - Monterrey,CUSTOMER 2,NL,ESCOBEDO,66066,FNG00018,2017,2,Delivery,32256,50576
Niagara Mexico - Monterrey,CUSTOMER 2,NL,ESCOBEDO,66066,FNG00018,2017,3,Delivery,62076,100505.6667
Niagara Mexico - Monterrey,CUSTOMER 3,JA,EL SALTO,45690,FNG00019,2017,1,Delivery,4032,12800
Niagara Mexico - Monterrey,CUSTOMER 3,JA,EL SALTO,45690,FNG00019,2017,3,Delivery,1848,5866.666694
Niagara Mexico - Monterrey,CUSTOMER 3,MX,TEOLOYUCAN,54770,FNG00019,2017,2,Delivery,22848,75053.83335
Niagara Mexico - Monterrey,CUSTOMER 3,MX,TEOLOYUCAN,54770,FNG00019,2017,3,Delivery,6888,24566.66671
Niagara Mexico - Monterrey,CUSTOMER 3,TB,VILLAHERMOSA,86280,FNG00019,2017,1,Delivery,12096,126000
Niagara Mexico - Monterrey,CUSTOMER 3,TB,VILLAHERMOSA,86280,FNG00019,2017,3,Delivery,2520,31881.25004
Niagara Mexico - Monterrey,CUSTOMER 3,JA,EL SALTO,45690,FNG00020,2017,2,Delivery,1050,12800
Niagara Mexico - Monterrey,CUSTOMER 3,JA,EL SALTO,45690,FNG00020,2017,3,Delivery,175,2133.333284
Niagara Mexico - Monterrey,CUSTOMER 3,MX,TEOLOYUCAN,54770,FNG00020,2017,2,Delivery,6256.25,83728.16665
Niagara Mexico - Monterrey,CUSTOMER 3,MX,TEOLOYUCAN,54770,FNG00020,2017,3,Delivery,2318.75,48066.66661
Niagara Mexico - Monterrey,CUSTOMER 3,TB,VILLAHERMOSA,86280,FNG00020,2017,2,Delivery,3150,129960
Niagara Mexico - Monterrey,CUSTOMER 3,TB,VILLAHERMOSA,86280,FNG00020,2017,3,Delivery,3150,139204.9998
Niagara Mexico - Monterrey,CUSTOMER 6,JA,TLAJOMULCO DE ZUNIGA,45670,FNG00022,2017,1,Delivery,1320,27000
Niagara Mexico - Monterrey,CUSTOMER 6,JA,TLAJOMULCO DE ZUNIGA,45670,FNG00022,2017,2,Delivery,660,14620.5
Niagara Mexico - Monterrey,CUSTOMER 6,MX,TULTITLAN,54945,FNG00022,2017,1,Delivery,660,12800
Niagara Mexico - Monterrey,CUSTOMER 6,MX,TULTITLAN,54945,FNG00022,2017,2,Delivery,1320,30460.5
Niagara Mexico - Monterrey,CUSTOMER 6,MX,TULTITLAN,54945,FNG00022,2017,3,Delivery,3960,84082
Niagara Mexico - Monterrey,CUSTOMER 6,NL,GUADALUPE,67110,FNG00022,2017,1,Delivery,1980,9650
Niagara Mexico - Monterrey,CUSTOMER 6,NL,GUADALUPE,67110,FNG00022,2017,2,Delivery,660,3500
Niagara Mexico - Monterrey,CUSTOMER 6,NL,GUADALUPE,67110,FNG00022,2017,3,Delivery,7920,60700
Niagara Mexico - Monterrey,CUSTOMER 4,CH,CHIHUAHUA,31136,FNG00024,2017,1,Delivery,4032,42000
Niagara Mexico - Monterrey,CUSTOMER 4,CH,CHIHUAHUA,31136,FNG00024,2017,2,Delivery,2016,21000
Niagara Mexico - Monterrey,CUSTOMER 4,CH,CHIHUAHUA,31136,FNG00024,2017,3,Delivery,6048,77600
Niagara Mexico - Monterrey,CUSTOMER 4,DU,GOMEZ PALACIO,35120,FNG00024,2017,1,Delivery,2016,12000
Niagara Mexico - Monterrey,CUSTOMER 4,DU,GOMEZ PALACIO,35120,FNG00024,2017,3,Delivery,2016,12600
Niagara Mexico - Monterrey,CUSTOMER 5,CA,RAMOS ARIZPE,25900,FNG00028,2017,1,Delivery,175,3249.999955
Niagara Mexico - Monterrey,CUSTOMER 1,JA,TLAJOMULCO DE ZUNIGA SAMS-6238,45679,FNG00030,2017,1,Delivery,4620,96158
Niagara Mexico - Monterrey,CUSTOMER 1,JA,TLAJOMULCO DE ZUNIGA SAMS-6238,45679,FNG00030,2017,2,Delivery,6270,136223
Niagara Mexico - Monterrey,CUSTOMER 1,JA,TLAJOMULCO DE ZUNIGA SAMS-6238,45679,FNG00030,2017,3,Delivery,660,17600
Niagara Mexico - Monterrey,CUSTOMER 1,JA,TLAJOMULCO DE ZUNIGA SAMS-6238,45679,FNG00030,2017,3,Delivery,8580,192992.5
Niagara Mexico - Monterrey,CUSTOMER 1,MX,CHALCO SAMS-7505,56640,FNG00030,2017,1,Delivery,5775,120500
Niagara Mexico - Monterrey,CUSTOMER 1,MX,CHALCO SAMS-7505,56640,FNG00030,2017,2,Delivery,5940,130464
Niagara Mexico - Monterrey,CUSTOMER 1,MX,CHALCO SAMS-7505,56640,FNG00030,2017,3,Delivery,7920,176025.5
Niagara Mexico - Monterrey,CUSTOMER 1,MX,CUAUTITLAN IZCALLI SAMS-6388,54769,FNG00030,2017,1,Delivery,14685,306590
Niagara Mexico - Monterrey,CUSTOMER 1,MX,CUAUTITLAN IZCALLI SAMS-6388,54769,FNG00030,2017,2,Delivery,12210,268867
Niagara Mexico - Monterrey,CUSTOMER 1,MX,CUAUTITLAN IZCALLI SAMS-6388,54769,FNG00030,2017,3,Delivery,1320,34480
Niagara Mexico - Monterrey,CUSTOMER 1,MX,CUAUTITLAN IZCALLI SAMS-6388,54769,FNG00030,2017,3,Delivery,21120,476873.5
Niagara Mexico - Monterrey,CUSTOMER 1,NL,MONTERREY SAMS-4995,66550,FNG00030,2017,1,Delivery,7260,28600
Niagara Mexico - Monterrey,CUSTOMER 1,NL,MONTERREY SAMS-4995,66550,FNG00030,2017,2,Delivery,3960,15600
Niagara Mexico - Monterrey,CUSTOMER 1,NL,MONTERREY SAMS-4995,66550,FNG00030,2017,3,Delivery,8580,33800
Niagara Mexico - Monterrey,CUSTOMER 1,SI,CULIACAN SAMS-4971,80130,FNG00030,2017,1,Delivery,4620,238714
Niagara Mexico - Monterrey,CUSTOMER 1,SI,CULIACAN SAMS-4971,80130,FNG00030,2017,2,Delivery,3327.5,201612
Niagara Mexico - Monterrey,CUSTOMER 1,SI,CULIACAN SAMS-4971,80130,FNG00030,2017,3,Delivery,8415,462112
Niagara Mexico - Monterrey,CUSTOMER 1,TB,VILLAHERMOSA TAB. SAMS 6550,86280,FNG00030,2017,1,Delivery,5115,312610
Niagara Mexico - Monterrey,CUSTOMER 1,TB,VILLAHERMOSA TAB. SAMS 6550,86280,FNG00030,2017,2,Delivery,3960,262710
Niagara Mexico - Monterrey,CUSTOMER 1,TB,VILLAHERMOSA TAB. SAMS 6550,86280,FNG00030,2017,3,Delivery,6600,441570
Niagara Mexico - Monterrey,CUSTOMER 1,JA,TLAJOMULCO DE ZUNIGA SAMS-6238,45679,FNG00031,2017,1,Delivery,45,13500
Niagara Mexico - Monterrey,CUSTOMER 1,JA,TLAJOMULCO DE ZUNIGA SAMS-6238,45679,FNG00031,2017,1,Delivery,14625,202557
Niagara Mexico - Monterrey,CUSTOMER 1,JA,TLAJOMULCO DE ZUNIGA SAMS-6238,45679,FNG00031,2017,2,Delivery,0,14620.5
Niagara Mexico - Monterrey,CUSTOMER 1,JA,TLAJOMULCO DE ZUNIGA SAMS-6238,45679,FNG00031,2017,2,Delivery,14310,192325.5
Niagara Mexico - Monterrey,CUSTOMER 1,JA,TLAJOMULCO DE ZUNIGA SAMS-6238,45679,FNG00031,2017,3,Delivery,24840,344536
Niagara Mexico - Monterrey,CUSTOMER 1,MX,CHALCO SAMS-7505,56640,FNG00031,2017,1,Delivery,18900,259411
Niagara Mexico - Monterrey,CUSTOMER 1,MX,CHALCO SAMS-7505,56640,FNG00031,2017,2,Delivery,11880,158584.5
Niagara Mexico - Monterrey,CUSTOMER 1,MX,CHALCO SAMS-7505,56640,FNG00031,2017,3,Delivery,1080,14620.5
Niagara Mexico - Monterrey,CUSTOMER 1,MX,CHALCO SAMS-7505,56640,FNG00031,2017,3,Delivery,19440,277228
Niagara Mexico - Monterrey,CUSTOMER 1,MX,CUAUTITLAN IZCALLI SAMS-6388,54769,FNG00031,2017,1,Delivery,50220,657292.5
Niagara Mexico - Monterrey,CUSTOMER 1,MX,CUAUTITLAN IZCALLI SAMS-6388,54769,FNG00031,2017,2,Delivery,36720,544363.5
Niagara Mexico - Monterrey,CUSTOMER 1,MX,CUAUTITLAN IZCALLI SAMS-6388,54769,FNG00031,2017,3,Delivery,1080,17240
Niagara Mexico - Monterrey,CUSTOMER 1,MX,CUAUTITLAN IZCALLI SAMS-6388,54769,FNG00031,2017,3,Delivery,49680,690159
Niagara Mexico - Monterrey,CUSTOMER 1,NL,MONTERREY SAMS-4995,66550,FNG00031,2017,1,Delivery,21600,52000
Niagara Mexico - Monterrey,CUSTOMER 1,NL,MONTERREY SAMS-4995,66550,FNG00031,2017,2,Delivery,21600,52200
Niagara Mexico - Monterrey,CUSTOMER 1,NL,MONTERREY SAMS-4995,66550,FNG00031,2017,3,Delivery,41085,101400
Niagara Mexico - Monterrey,CUSTOMER 1,SI,CULIACAN SAMS-4971,80130,FNG00031,2017,1,Delivery,20520,710410
Niagara Mexico - Monterrey,CUSTOMER 1,SI,CULIACAN SAMS-4971,80130,FNG00031,2017,2,Delivery,16200,504030
Niagara Mexico - Monterrey,CUSTOMER 1,SI,CULIACAN SAMS-4971,80130,FNG00031,2017,3,Delivery,32940,1109418
Niagara Mexico - Monterrey,CUSTOMER 1,TB,VILLAHERMOSA TAB. SAMS 6550,86280,FNG00031,2017,1,Delivery,19170,654500
Niagara Mexico - Monterrey,CUSTOMER 1,TB,VILLAHERMOSA TAB. SAMS 6550,86280,FNG00031,2017,2,Delivery,12960,501460
Niagara Mexico - Monterrey,CUSTOMER 1,TB,VILLAHERMOSA TAB. SAMS 6550,86280,FNG00031,2017,3,Delivery,2160,86640
Niagara Mexico - Monterrey,CUSTOMER 1,TB,VILLAHERMOSA TAB. SAMS 6550,86280,FNG00031,2017,3,Delivery,24300,967940
Niagara Mexico - Monterrey,CUSTOMER 1,JA,TLAJOMULCO DE ZUNIGA SAMS-6238,45679,FNG00033,2017,1,Delivery,130560,948493.5
Niagara Mexico - Monterrey,CUSTOMER 1,JA,TLAJOMULCO DE ZUNIGA SAMS-6238,45679,FNG00033,2017,2,Delivery,100800,766788.5
Niagara Mexico - Monterrey,CUSTOMER 1,MX,CHALCO SAMS-7505,56640,FNG00033,2017,1,Delivery,95520.00002,723825.5
Niagara Mexico - Monterrey,CUSTOMER 1,MX,CHALCO SAMS-7505,56640,FNG00033,2017,2,Delivery,42720.00001,335928
Niagara Mexico - Monterrey,CUSTOMER 1,MX,CUAUTITLAN IZCALLI SAMS-6388,54769,FNG00033,2017,1,Delivery,192480,1397320
Niagara Mexico - Monterrey,CUSTOMER 1,MX,CUAUTITLAN IZCALLI SAMS-6388,54769,FNG00033,2017,2,Delivery,110880,849276
Niagara Mexico - Monterrey,CUSTOMER 1,NL,MONTERREY SAMS-4995,66550,FNG00033,2017,1,Delivery,205440,278200
Niagara Mexico - Monterrey,CUSTOMER 1,NL,MONTERREY SAMS-4995,66550,FNG00033,2017,2,Delivery,101760,137800
Niagara Mexico - Monterrey,CUSTOMER 1,SI,CULIACAN SAMS-4971,80130,FNG00033,2017,1,Delivery,154560,3675196
Niagara Mexico - Monterrey,CUSTOMER 1,SI,CULIACAN SAMS-4971,80130,FNG00033,2017,2,Delivery,81600.00002,1674278
Niagara Mexico - Monterrey,CUSTOMER 1,TB,VILLAHERMOSA TAB. SAMS 6550,86280,FNG00033,2017,1,Delivery,115200,2225830
Niagara Mexico - Monterrey,CUSTOMER 1,TB,VILLAHERMOSA TAB. SAMS 6550,86280,FNG00033,2017,2,Delivery,57600.00001,1157500
Niagara Mexico - Monterrey,CUSTOMER 5,CA,RAMOS ARIZPE,25900,FNG00035,2017,1,Delivery,336,3250.000046
Niagara Mexico - Monterrey,CUSTOMER 7,NL,CIENEGA DE FLORES,65550,FNG00035,2017,2,CustomerPickup,2016,0
Niagara Mexico - Monterrey,CUSTOMER 7,NL,CIENEGA DE FLORES,65550,FNG00035,2017,3,CustomerPickup,8064,0
Niagara Mexico - Monterrey,CUSTOMER 8,NL,CIENEGA DE FLORES,65550,FNG00035,2017,2,Delivery,2016,2968
Niagara Mexico - Monterrey,CUSTOMER 8,NL,CIENEGA DE FLORES,65550,FNG00035,2017,3,Delivery,2016,2968
Niagara Mexico - Monterrey,CUSTOMER 1,JA,TLAJOMULCO DE ZUNIGA SAMS-6238,45679,FNG00042,2017,2,Delivery,11520,43861.5
Niagara Mexico - Monterrey,CUSTOMER 1,JA,TLAJOMULCO DE ZUNIGA SAMS-6238,45679,FNG00042,2017,3,Delivery,49920.00001,197345
Niagara Mexico - Monterrey,CUSTOMER 1,MX,CHALCO SAMS-7505,56640,FNG00042,2017,2,Delivery,6720.000001,29241
Niagara Mexico - Monterrey,CUSTOMER 1,MX,CHALCO SAMS-7505,56640,FNG00042,2017,3,Delivery,49920.00001,190066.5
Niagara Mexico - Monterrey,CUSTOMER 1,MX,CUAUTITLAN IZCALLI SAMS-6388,54769,FNG00042,2017,2,Delivery,24960,94102.5
Niagara Mexico - Monterrey,CUSTOMER 1,MX,CUAUTITLAN IZCALLI SAMS-6388,54769,FNG00042,2017,3,Delivery,111360,431782.5
Niagara Mexico - Monterrey,CUSTOMER 1,NL,MONTERREY SAMS-4995,66550,FNG00042,2017,2,Delivery,11520,7800
Niagara Mexico - Monterrey,CUSTOMER 1,NL,MONTERREY SAMS-4995,66550,FNG00042,2017,3,Delivery,69120.00001,46800
Niagara Mexico - Monterrey,CUSTOMER 1,SI,CULIACAN SAMS-4971,80130,FNG00042,2017,2,Delivery,11520,100806
Niagara Mexico - Monterrey,CUSTOMER 1,SI,CULIACAN SAMS-4971,80130,FNG00042,2017,3,Delivery,48960.00001,449310
Niagara Mexico - Monterrey,CUSTOMER 1,TB,VILLAHERMOSA TAB. SAMS 6550,86280,FNG00042,2017,2,Delivery,11520,116640
Niagara Mexico - Monterrey,CUSTOMER 1,TB,VILLAHERMOSA TAB. SAMS 6550,86280,FNG00042,2017,3,Delivery,70080.00001,787520
Niagara Mexico - Monterrey,CUSTOMER 1,JA,TLAJOMULCO DE ZUNIGA SAMS-6238,45679,FNG00043,2017,1,Delivery,160,13500
Niagara Mexico - Monterrey,CUSTOMER 1,JA,TLAJOMULCO DE ZUNIGA SAMS-6238,45679,FNG00043,2017,1,Delivery,36480,129500
Niagara Mexico - Monterrey,CUSTOMER 1,JA,TLAJOMULCO DE ZUNIGA SAMS-6238,45679,FNG00043,2017,2,Delivery,41280.00001,153843.5
Niagara Mexico - Monterrey,CUSTOMER 1,MX,CHALCO SAMS-7505,56640,FNG00043,2017,1,Delivery,39360,145414.5
Niagara Mexico - Monterrey,CUSTOMER 1,MX,CHALCO SAMS-7505,56640,FNG00043,2017,2,Delivery,23040,86602.5
Niagara Mexico - Monterrey,CUSTOMER 1,MX,CUAUTITLAN IZCALLI SAMS-6388,54769,FNG00043,2017,1,Delivery,80640.00001,289480
Niagara Mexico - Monterrey,CUSTOMER 1,MX,CUAUTITLAN IZCALLI SAMS-6388,54769,FNG00043,2017,2,Delivery,61440.00001,233005.5
Niagara Mexico - Monterrey,CUSTOMER 1,NL,MONTERREY SAMS-4995,66550,FNG00043,2017,1,Delivery,34560,23400
Niagara Mexico - Monterrey,CUSTOMER 1,NL,MONTERREY SAMS-4995,66550,FNG00043,2017,2,Delivery,30720,20800
Niagara Mexico - Monterrey,CUSTOMER 1,SI,CULIACAN SAMS-4971,80130,FNG00043,2017,1,Delivery,24160,291442
Niagara Mexico - Monterrey,CUSTOMER 1,SI,CULIACAN SAMS-4971,80130,FNG00043,2017,2,Delivery,28800,285498
Niagara Mexico - Monterrey,CUSTOMER 1,TB,VILLAHERMOSA TAB. SAMS 6550,86280,FNG00043,2017,1,Delivery,44160.00001,451710
Niagara Mexico - Monterrey,CUSTOMER 1,TB,VILLAHERMOSA TAB. SAMS 6550,86280,FNG00043,2017,2,Delivery,21120,226280
